[{"model": "token_blacklist.outstandingtoken", "pk": 1, "fields": {"user": 1, "jti": "55f19c0231af4158af9592adf57813b4", "token": "eyJhbGciOiJIUzI1NiIsInR5cCI6IkpXVCJ9.eyJ0b2tlbl90eXBlIjoicmVmcmVzaCIsImV4cCI6MTc0OTc2NjYwOCwiaWF0IjoxNzQ5NjgwMjA4LCJqdGkiOiI1NWYxOWMwMjMxYWY0MTU4YWY5NTkyYWRmNTc4MTNiNCIsInVzZXJfaWQiOjF9.uhSwRXZ9CEMD8jKaDauXVrT_mc6d37gTfIV1T_T3-uA", "created_at": "2025-06-11T22:16:48.308Z", "expires_at": "2025-06-12T22:16:48Z"}}, {"model": "token_blacklist.outstandingtoken", "pk": 2, "fields": {"user": 1, "jti": "50c5d4717af34465b46953f66172db6a", "token": "eyJhbGciOiJIUzI1NiIsInR5cCI6IkpXVCJ9.eyJ0b2tlbl90eXBlIjoicmVmcmVzaCIsImV4cCI6MTc0OTc2Njc1OSwiaWF0IjoxNzQ5NjgwMzU5LCJqdGkiOiI1MGM1ZDQ3MTdhZjM0NDY1YjQ2OTUzZjY2MTcyZGI2YSIsInVzZXJfaWQiOjF9.-aK7fw67ii7eTora8YN3Y0_PNU2ZbTAkuXjaLDkkv-c", "created_at": "2025-06-11T22:19:19.278Z", "expires_at": "2025-06-12T22:19:19Z"}}, {"model": "token_blacklist.outstandingtoken", "pk": 3, "fields": {"user": 1, "jti": "a0431ecdacf74027a47c8c72411aa10c", "token": "eyJhbGciOiJIUzI1NiIsInR5cCI6IkpXVCJ9.eyJ0b2tlbl90eXBlIjoicmVmcmVzaCIsImV4cCI6MTc0OTc2Njg2NSwiaWF0IjoxNzQ5NjgwNDY1LCJqdGkiOiJhMDQzMWVjZGFjZjc0MDI3YTQ3YzhjNzI0MTFhYTEwYyIsInVzZXJfaWQiOjF9.MLz--eZQ4ENYtM1UumM_o8l9s30Aqx-Lybvia03PIgk", "created_at": "2025-06-11T22:21:05.445Z", "expires_at": "2025-06-12T22:21:05Z"}}, {"model": "token_blacklist.outstandingtoken", "pk": 4, "fields": {"user": 1, "jti": "40707883c7f5483c98a2c54a7ef27a30", "token": "eyJhbGciOiJIUzI1NiIsInR5cCI6IkpXVCJ9.eyJ0b2tlbl90eXBlIjoicmVmcmVzaCIsImV4cCI6MTc0OTc2NjkzMiwiaWF0IjoxNzQ5NjgwNTMyLCJqdGkiOiI0MDcwNzg4M2M3ZjU0ODNjOThhMmM1NGE3ZWYyN2EzMCIsInVzZXJfaWQiOjF9.co--d9ttoLonUnuXIrt_Yv75DmkOVEf6l9gStJwnM5I", "created_at": "2025-06-11T22:22:12.100Z", "expires_at": "2025-06-12T22:22:12Z"}}, {"model": "token_blacklist.outstandingtoken", "pk": 5, "fields": {"user": 1, "jti": "da0bfd55d14f4c5cb63bdc186a2fd611", "token": "eyJhbGciOiJIUzI1NiIsInR5cCI6IkpXVCJ9.eyJ0b2tlbl90eXBlIjoicmVmcmVzaCIsImV4cCI6MTc0OTc2NzA2OSwiaWF0IjoxNzQ5NjgwNjY5LCJqdGkiOiJkYTBiZmQ1NWQxNGY0YzVjYjYzYmRjMTg2YTJmZDYxMSIsInVzZXJfaWQiOjF9.yirs0-zWMnB8mhL2ku7QEVPjGzfae9YagczqjBrPT1Y", "created_at": "2025-06-11T22:24:29.205Z", "expires_at": "2025-06-12T22:24:29Z"}}, {"model": "token_blacklist.outstandingtoken", "pk": 6, "fields": {"user": 1, "jti": "bbe190a24bcb42029be7b7f6c7f30a5e", "token": "eyJhbGciOiJIUzI1NiIsInR5cCI6IkpXVCJ9.eyJ0b2tlbl90eXBlIjoicmVmcmVzaCIsImV4cCI6MTc0OTc2OTA1MywiaWF0IjoxNzQ5NjgyNjUzLCJqdGkiOiJiYmUxOTBhMjRiY2I0MjAyOWJlN2I3ZjZjN2YzMGE1ZSIsInVzZXJfaWQiOjF9.s4MZbwyfqFFCtCBYE_ISRpYL6rVwC8BNNu3misByGnI", "created_at": "2025-06-11T22:57:33.817Z", "expires_at": "2025-06-12T22:57:33Z"}}, {"model": "token_blacklist.outstandingtoken", "pk": 7, "fields": {"user": 1, "jti": "7c0bd331914845d2b488d81cc2dd1181", "token": "eyJhbGciOiJIUzI1NiIsInR5cCI6IkpXVCJ9.eyJ0b2tlbl90eXBlIjoicmVmcmVzaCIsImV4cCI6MTc0OTc3NDQwOCwiaWF0IjoxNzQ5Njg4MDA4LCJqdGkiOiI3YzBiZDMzMTkxNDg0NWQyYjQ4OGQ4MWNjMmRkMTE4MSIsInVzZXJfaWQiOjF9._pFudRpg7OOll8vdXpj2ulasI8VGW4XSETA1o6pgHYc", "created_at": "2025-06-12T00:26:48.341Z", "expires_at": "2025-06-13T00:26:48Z"}}, {"model": "token_blacklist.outstandingtoken", "pk": 8, "fields": {"user": 1, "jti": "cd923e703a1c4f90a28f3c803b6399e9", "token": "eyJhbGciOiJIUzI1NiIsInR5cCI6IkpXVCJ9.eyJ0b2tlbl90eXBlIjoicmVmcmVzaCIsImV4cCI6MTc0OTc3NDQ3NywiaWF0IjoxNzQ5Njg4MDc3LCJqdGkiOiJjZDkyM2U3MDNhMWM0ZjkwYTI4ZjNjODAzYjYzOTllOSIsInVzZXJfaWQiOjF9.NRmbRZE2ObX1RQpY2EUJwk5NwDrbldCe5Sh51PNbjOs", "created_at": "2025-06-12T00:27:57.581Z", "expires_at": "2025-06-13T00:27:57Z"}}, {"model": "token_blacklist.outstandingtoken", "pk": 9, "fields": {"user": 1, "jti": "a2e3945154db4497af9c5989814734a1", "token": "eyJhbGciOiJIUzI1NiIsInR5cCI6IkpXVCJ9.eyJ0b2tlbl90eXBlIjoicmVmcmVzaCIsImV4cCI6MTc0OTc3NDUyOSwiaWF0IjoxNzQ5Njg4MTI5LCJqdGkiOiJhMmUzOTQ1MTU0ZGI0NDk3YWY5YzU5ODk4MTQ3MzRhMSIsInVzZXJfaWQiOjF9.8P9fm-wOgnm3AerlGsUUEDzhs6C1FrYU3yI2oBNkCiI", "created_at": "2025-06-12T00:28:49.390Z", "expires_at": "2025-06-13T00:28:49Z"}}, {"model": "token_blacklist.outstandingtoken", "pk": 10, "fields": {"user": 1, "jti": "2042037df0814e39aa9b57d3e6eabb18", "token": "eyJhbGciOiJIUzI1NiIsInR5cCI6IkpXVCJ9.eyJ0b2tlbl90eXBlIjoicmVmcmVzaCIsImV4cCI6MTc0OTc3NDUzNywiaWF0IjoxNzQ5Njg4MTM3LCJqdGkiOiIyMDQyMDM3ZGYwODE0ZTM5YWE5YjU3ZDNlNmVhYmIxOCIsInVzZXJfaWQiOjF9.ujtHs6AlSTqlyT57HSuc1GD1LDVlUUTHf6MctLlZ8aQ", "created_at": "2025-06-12T00:28:57.223Z", "expires_at": "2025-06-13T00:28:57Z"}}, {"model": "token_blacklist.outstandingtoken", "pk": 11, "fields": {"user": 1, "jti": "d61b920eae4446a5a91cd4588864333b", "token": "eyJhbGciOiJIUzI1NiIsInR5cCI6IkpXVCJ9.eyJ0b2tlbl90eXBlIjoicmVmcmVzaCIsImV4cCI6MTc0OTc3NTI5OCwiaWF0IjoxNzQ5Njg4ODk4LCJqdGkiOiJkNjFiOTIwZWFlNDQ0NmE1YTkxY2Q0NTg4ODY0MzMzYiIsInVzZXJfaWQiOjF9.wyB--UR5l_dvHWrc5b-6v0VrxvH79sDTt96Pr6XprdA", "created_at": "2025-06-12T00:41:38.069Z", "expires_at": "2025-06-13T00:41:38Z"}}, {"model": "token_blacklist.outstandingtoken", "pk": 12, "fields": {"user": 1, "jti": "fcfa8afbbb1542f58f7f260409822414", "token": "eyJhbGciOiJIUzI1NiIsInR5cCI6IkpXVCJ9.eyJ0b2tlbl90eXBlIjoicmVmcmVzaCIsImV4cCI6MTc0OTc3NTQ2OCwiaWF0IjoxNzQ5Njg5MDY4LCJqdGkiOiJmY2ZhOGFmYmJiMTU0MmY1OGY3ZjI2MDQwOTgyMjQxNCIsInVzZXJfaWQiOjF9.aabMPdhTb-AcMO653z544BfgjrKzRobBXZd4ha4G7uQ", "created_at": "2025-06-12T00:44:28.393Z", "expires_at": "2025-06-13T00:44:28Z"}}, {"model": "token_blacklist.outstandingtoken", "pk": 13, "fields": {"user": 1, "jti": "ca2dcf30307e4a0c9c2a89b7d9a99624", "token": "eyJhbGciOiJIUzI1NiIsInR5cCI6IkpXVCJ9.eyJ0b2tlbl90eXBlIjoicmVmcmVzaCIsImV4cCI6MTc0OTc3NTUxNSwiaWF0IjoxNzQ5Njg5MTE1LCJqdGkiOiJjYTJkY2YzMDMwN2U0YTBjOWMyYTg5YjdkOWE5OTYyNCIsInVzZXJfaWQiOjF9.LFEDaMPvZruVcDxFMylmFjB2KoPsCl2_yy7V05RiLw4", "created_at": "2025-06-12T00:45:15.035Z", "expires_at": "2025-06-13T00:45:15Z"}}, {"model": "token_blacklist.outstandingtoken", "pk": 14, "fields": {"user": 1, "jti": "ea726e0254d341e9ba3e349190755fa9", "token": "eyJhbGciOiJIUzI1NiIsInR5cCI6IkpXVCJ9.eyJ0b2tlbl90eXBlIjoicmVmcmVzaCIsImV4cCI6MTc0OTc3NTcwOCwiaWF0IjoxNzQ5Njg5MzA4LCJqdGkiOiJlYTcyNmUwMjU0ZDM0MWU5YmEzZTM0OTE5MDc1NWZhOSIsInVzZXJfaWQiOjF9.owENI4i6zJ_xHLhMzgb7Llvy9SSv6RLaY6nWnFFZ3P4", "created_at": "2025-06-12T00:48:28.878Z", "expires_at": "2025-06-13T00:48:28Z"}}, {"model": "token_blacklist.outstandingtoken", "pk": 15, "fields": {"user": 1, "jti": "30c35a0d83d0499f98761a87b831ab4f", "token": "eyJhbGciOiJIUzI1NiIsInR5cCI6IkpXVCJ9.eyJ0b2tlbl90eXBlIjoicmVmcmVzaCIsImV4cCI6MTc0OTc3NTc0MCwiaWF0IjoxNzQ5Njg5MzQwLCJqdGkiOiIzMGMzNWEwZDgzZDA0OTlmOTg3NjFhODdiODMxYWI0ZiIsInVzZXJfaWQiOjF9.5_jQYQONeB2aD4ow5BHMN-pkfWx0LfiR23zaW6P3TWM", "created_at": "2025-06-12T00:49:00.256Z", "expires_at": "2025-06-13T00:49:00Z"}}, {"model": "token_blacklist.outstandingtoken", "pk": 16, "fields": {"user": 1, "jti": "1f3cdc568bc742baa6edb9d7ceeb664c", "token": "eyJhbGciOiJIUzI1NiIsInR5cCI6IkpXVCJ9.eyJ0b2tlbl90eXBlIjoicmVmcmVzaCIsImV4cCI6MTc0OTc3NTc5OCwiaWF0IjoxNzQ5Njg5Mzk4LCJqdGkiOiIxZjNjZGM1NjhiYzc0MmJhYTZlZGI5ZDdjZWViNjY0YyIsInVzZXJfaWQiOjF9.YOZ9U4NNivWhwooc2ykWCiKeN5-SmZJjgjdzbUuI92c", "created_at": "2025-06-12T00:49:58.662Z", "expires_at": "2025-06-13T00:49:58Z"}}, {"model": "token_blacklist.outstandingtoken", "pk": 17, "fields": {"user": 1, "jti": "1a0f30a9c3c94a9dbbe8841f3c3b336a", "token": "eyJhbGciOiJIUzI1NiIsInR5cCI6IkpXVCJ9.eyJ0b2tlbl90eXBlIjoicmVmcmVzaCIsImV4cCI6MTc0OTc3NjA2NCwiaWF0IjoxNzQ5Njg5NjY0LCJqdGkiOiIxYTBmMzBhOWMzYzk0YTlkYmJlODg0MWYzYzNiMzM2YSIsInVzZXJfaWQiOjF9.G5eyyJXlYGhjO9ryW70CnY0KoWOIdn8vH7Balp9tQt0", "created_at": "2025-06-12T00:54:24.797Z", "expires_at": "2025-06-13T00:54:24Z"}}, {"model": "token_blacklist.outstandingtoken", "pk": 18, "fields": {"user": 1, "jti": "003007dc7c0d4eb69da29cf9be28d5f4", "token": "eyJhbGciOiJIUzI1NiIsInR5cCI6IkpXVCJ9.eyJ0b2tlbl90eXBlIjoicmVmcmVzaCIsImV4cCI6MTc0OTc4MTgyNiwiaWF0IjoxNzQ5Njk1NDI2LCJqdGkiOiIwMDMwMDdkYzdjMGQ0ZWI2OWRhMjljZjliZTI4ZDVmNCIsInVzZXJfaWQiOjF9.vpcXpjZ0F7Pc1oHF9uQT3jxUgt5ZT-NA8bG-GjdiN5I", "created_at": "2025-06-12T02:30:26.160Z", "expires_at": "2025-06-13T02:30:26Z"}}, {"model": "token_blacklist.outstandingtoken", "pk": 19, "fields": {"user": 1, "jti": "3b9708080ceb430483bd685b9f38f580", "token": "eyJhbGciOiJIUzI1NiIsInR5cCI6IkpXVCJ9.eyJ0b2tlbl90eXBlIjoicmVmcmVzaCIsImV4cCI6MTc0OTc4NzM2MywiaWF0IjoxNzQ5NzAwOTYzLCJqdGkiOiIzYjk3MDgwODBjZWI0MzA0ODNiZDY4NWI5ZjM4ZjU4MCIsInVzZXJfaWQiOjF9.XJ7Y3q5jV9IP7dn1OsG5Vtyfv7-RrxLX-5LwTBzCxlw", "created_at": "2025-06-12T04:02:43.714Z", "expires_at": "2025-06-13T04:02:43Z"}}, {"model": "token_blacklist.outstandingtoken", "pk": 20, "fields": {"user": 1, "jti": "c44c6bbd9e6b45449ef084553598190a", "token": "eyJhbGciOiJIUzI1NiIsInR5cCI6IkpXVCJ9.eyJ0b2tlbl90eXBlIjoicmVmcmVzaCIsImV4cCI6MTc0OTkyNDU0MCwiaWF0IjoxNzQ5ODM4MTQwLCJqdGkiOiJjNDRjNmJiZDllNmI0NTQ0OWVmMDg0NTUzNTk4MTkwYSIsInVzZXJfaWQiOjF9.-2Qn6eDgzU_bcmP8__UaNnA6GlmHrvQKUY8we-plmSU", "created_at": "2025-06-13T18:09:00.395Z", "expires_at": "2025-06-14T18:09:00Z"}}, {"model": "token_blacklist.outstandingtoken", "pk": 21, "fields": {"user": 1, "jti": "cfd26d8379564257b3a2b6d9efbc2e4e", "token": "eyJhbGciOiJIUzI1NiIsInR5cCI6IkpXVCJ9.eyJ0b2tlbl90eXBlIjoicmVmcmVzaCIsImV4cCI6MTc0OTkyNjgwOCwiaWF0IjoxNzQ5ODQwNDA4LCJqdGkiOiJjZmQyNmQ4Mzc5NTY0MjU3YjNhMmI2ZDllZmJjMmU0ZSIsInVzZXJfaWQiOjF9.3pC_eRq5jYgShZn3HEsjgDH1_d6LOhluBy53Vls1FvU", "created_at": "2025-06-13T18:46:48.484Z", "expires_at": "2025-06-14T18:46:48Z"}}, {"model": "token_blacklist.outstandingtoken", "pk": 22, "fields": {"user": 1, "jti": "f45f854a096142188281edfb03c4c411", "token": "eyJhbGciOiJIUzI1NiIsInR5cCI6IkpXVCJ9.eyJ0b2tlbl90eXBlIjoicmVmcmVzaCIsImV4cCI6MTc1MDIwMzI5MSwiaWF0IjoxNzUwMTE2ODkxLCJqdGkiOiJmNDVmODU0YTA5NjE0MjE4ODI4MWVkZmIwM2M0YzQxMSIsInVzZXJfaWQiOjF9.w41uD87-G2XXATVRLbwgpwiRms9JXOBC-tqJgoJ86MM", "created_at": "2025-06-16T23:34:51.586Z", "expires_at": "2025-06-17T23:34:51Z"}}, {"model": "token_blacklist.outstandingtoken", "pk": 23, "fields": {"user": 1, "jti": "9a553c7dd3524c118b078b445a365446", "token": "eyJhbGciOiJIUzI1NiIsInR5cCI6IkpXVCJ9.eyJ0b2tlbl90eXBlIjoicmVmcmVzaCIsImV4cCI6MTc1MDIwMzMxOCwiaWF0IjoxNzUwMTE2OTE4LCJqdGkiOiI5YTU1M2M3ZGQzNTI0YzExOGIwNzhiNDQ1YTM2NTQ0NiIsInVzZXJfaWQiOjF9.MhHytPU14dmxuRfjmS-9BTVE-LemyQYcrFfMzll7FfM", "created_at": "2025-06-16T23:35:18.367Z", "expires_at": "2025-06-17T23:35:18Z"}}, {"model": "token_blacklist.outstandingtoken", "pk": 24, "fields": {"user": 1, "jti": "9e1f0b29aa3c4367b32291f6595cbe84", "token": "eyJhbGciOiJIUzI1NiIsInR5cCI6IkpXVCJ9.eyJ0b2tlbl90eXBlIjoicmVmcmVzaCIsImV4cCI6MTc1MDIwNTQ1MywiaWF0IjoxNzUwMTE5MDUzLCJqdGkiOiI5ZTFmMGIyOWFhM2M0MzY3YjMyMjkxZjY1OTVjYmU4NCIsInVzZXJfaWQiOjF9.H3ebpr4LbD6Rg55ztU8fao973n3WJkw5DeugbcRV33s", "created_at": "2025-06-17T00:10:53.569Z", "expires_at": "2025-06-18T00:10:53Z"}}, {"model": "token_blacklist.outstandingtoken", "pk": 25, "fields": {"user": 1, "jti": "47e3b73228f947818512195c755ddc57", "token": "eyJhbGciOiJIUzI1NiIsInR5cCI6IkpXVCJ9.eyJ0b2tlbl90eXBlIjoicmVmcmVzaCIsImV4cCI6MTc1MDIwNzMzOSwiaWF0IjoxNzUwMTIwOTM5LCJqdGkiOiI0N2UzYjczMjI4Zjk0NzgxODUxMjE5NWM3NTVkZGM1NyIsInVzZXJfaWQiOjF9.YbPl6VE2yVwC6mTpeoEYar9MVoiE_eGARiBvV9gyARI", "created_at": "2025-06-17T00:42:19.007Z", "expires_at": "2025-06-18T00:42:19Z"}}, {"model": "token_blacklist.outstandingtoken", "pk": 26, "fields": {"user": 1, "jti": "f552e533bc6c4a93a38877927fbca0b8", "token": "eyJhbGciOiJIUzI1NiIsInR5cCI6IkpXVCJ9.eyJ0b2tlbl90eXBlIjoicmVmcmVzaCIsImV4cCI6MTc1MDI4Mzk5MCwiaWF0IjoxNzUwMTk3NTkwLCJqdGkiOiJmNTUyZTUzM2JjNmM0YTkzYTM4ODc3OTI3ZmJjYTBiOCIsInVzZXJfaWQiOjF9.pJbuvdovIgBwqZ0QIWMGRxYU3pRXx5e6gW-yusiSzmo", "created_at": "2025-06-17T21:59:50.096Z", "expires_at": "2025-06-18T21:59:50Z"}}, {"model": "token_blacklist.outstandingtoken", "pk": 27, "fields": {"user": 1, "jti": "e03df268a514429baa6dff026dd74632", "token": "eyJhbGciOiJIUzI1NiIsInR5cCI6IkpXVCJ9.eyJ0b2tlbl90eXBlIjoicmVmcmVzaCIsImV4cCI6MTc1MDI4NjAyNiwiaWF0IjoxNzUwMTk5NjI2LCJqdGkiOiJlMDNkZjI2OGE1MTQ0MjliYWE2ZGZmMDI2ZGQ3NDYzMiIsInVzZXJfaWQiOjF9.T3K-Sv79Ao2g-CFYazumpE-CDVxHfcmCfzEx_74JVZ0", "created_at": "2025-06-17T22:33:46.924Z", "expires_at": "2025-06-18T22:33:46Z"}}, {"model": "token_blacklist.outstandingtoken", "pk": 28, "fields": {"user": 1, "jti": "76bcd9bf977e4fed84feaaffef0c0146", "token": "eyJhbGciOiJIUzI1NiIsInR5cCI6IkpXVCJ9.eyJ0b2tlbl90eXBlIjoicmVmcmVzaCIsImV4cCI6MTc1MDI4NzIwNSwiaWF0IjoxNzUwMjAwODA1LCJqdGkiOiI3NmJjZDliZjk3N2U0ZmVkODRmZWFhZmZlZjBjMDE0NiIsInVzZXJfaWQiOjF9.NCFSFVo-rdq5GaMbd7pwxZxKX3YLfQ4D_zVRDYLR7X0", "created_at": "2025-06-17T22:53:25.206Z", "expires_at": "2025-06-18T22:53:25Z"}}, {"model": "token_blacklist.outstandingtoken", "pk": 29, "fields": {"user": 1, "jti": "01856f02b14241efa950136f0c680a0d", "token": "eyJhbGciOiJIUzI1NiIsInR5cCI6IkpXVCJ9.eyJ0b2tlbl90eXBlIjoicmVmcmVzaCIsImV4cCI6MTc1MDI4ODYzOCwiaWF0IjoxNzUwMjAyMjM4LCJqdGkiOiIwMTg1NmYwMmIxNDI0MWVmYTk1MDEzNmYwYzY4MGEwZCIsInVzZXJfaWQiOjF9.Tvca3n7QxEkhr3RUGtD7Ich0ojMi-BE07Zlk6kbrbWY", "created_at": "2025-06-17T23:17:18.416Z", "expires_at": "2025-06-18T23:17:18Z"}}, {"model": "token_blacklist.outstandingtoken", "pk": 30, "fields": {"user": 1, "jti": "d24c72d504a84fc88292ed58e7733f53", "token": "eyJhbGciOiJIUzI1NiIsInR5cCI6IkpXVCJ9.eyJ0b2tlbl90eXBlIjoicmVmcmVzaCIsImV4cCI6MTc1MDI5MzYyMSwiaWF0IjoxNzUwMjA3MjIxLCJqdGkiOiJkMjRjNzJkNTA0YTg0ZmM4ODI5MmVkNThlNzczM2Y1MyIsInVzZXJfaWQiOjF9.11LLpDkleLZdiJH8Z4G4Gn8_hD4f5gLHs99iqUQD3nA", "created_at": "2025-06-18T00:40:21.840Z", "expires_at": "2025-06-19T00:40:21Z"}}, {"model": "token_blacklist.outstandingtoken", "pk": 31, "fields": {"user": 1, "jti": "a438b4c299cd43b7b5beabab48cadb64", "token": "eyJhbGciOiJIUzI1NiIsInR5cCI6IkpXVCJ9.eyJ0b2tlbl90eXBlIjoicmVmcmVzaCIsImV4cCI6MTc1MDMwMDMxOCwiaWF0IjoxNzUwMjEzOTE4LCJqdGkiOiJhNDM4YjRjMjk5Y2Q0M2I3YjViZWFiYWI0OGNhZGI2NCIsInVzZXJfaWQiOjF9.NA1YrUzhYGoAJ0dj4tpzmqQHFjG5q_jDSduan08TSxo", "created_at": "2025-06-18T02:31:58.585Z", "expires_at": "2025-06-19T02:31:58Z"}}, {"model": "token_blacklist.outstandingtoken", "pk": 32, "fields": {"user": 1, "jti": "4fa7af24c29e4910a37d1ecd62a75f3d", "token": "eyJhbGciOiJIUzI1NiIsInR5cCI6IkpXVCJ9.eyJ0b2tlbl90eXBlIjoicmVmcmVzaCIsImV4cCI6MTc1MDMwMDU3NywiaWF0IjoxNzUwMjE0MTc3LCJqdGkiOiI0ZmE3YWYyNGMyOWU0OTEwYTM3ZDFlY2Q2MmE3NWYzZCIsInVzZXJfaWQiOjF9.oSEp6nH93hZkrKZb_1JlnV_-cVYzlTJw5Ogb3r4RfYY", "created_at": "2025-06-18T02:36:17.183Z", "expires_at": "2025-06-19T02:36:17Z"}}, {"model": "token_blacklist.outstandingtoken", "pk": 33, "fields": {"user": 1, "jti": "44c4c016631e484eb5b0850912901f80", "token": "eyJhbGciOiJIUzI1NiIsInR5cCI6IkpXVCJ9.eyJ0b2tlbl90eXBlIjoicmVmcmVzaCIsImV4cCI6MTc1MDMwMDk2MCwiaWF0IjoxNzUwMjE0NTYwLCJqdGkiOiI0NGM0YzAxNjYzMWU0ODRlYjViMDg1MDkxMjkwMWY4MCIsInVzZXJfaWQiOjF9.HU4jsokD9JBkKEBbU1_ifo9WRpgPcpm6Mrn-gLBgu9k", "created_at": "2025-06-18T02:42:40.101Z", "expires_at": "2025-06-19T02:42:40Z"}}, {"model": "token_blacklist.outstandingtoken", "pk": 34, "fields": {"user": 1, "jti": "f88fc3497de34b34ac9e7c63bd7f777f", "token": "eyJhbGciOiJIUzI1NiIsInR5cCI6IkpXVCJ9.eyJ0b2tlbl90eXBlIjoicmVmcmVzaCIsImV4cCI6MTc1MDMwMTg0MywiaWF0IjoxNzUwMjE1NDQzLCJqdGkiOiJmODhmYzM0OTdkZTM0YjM0YWM5ZTdjNjNiZDdmNzc3ZiIsInVzZXJfaWQiOjF9.VPv67uJ1D0g_jv5K4U8zxSqfei_zau2XKZxMbgnNd2Y", "created_at": "2025-06-18T02:57:23.212Z", "expires_at": "2025-06-19T02:57:23Z"}}, {"model": "token_blacklist.outstandingtoken", "pk": 35, "fields": {"user": 1, "jti": "d946fecde61747bb95a3e0cc7b3e2027", "token": "eyJhbGciOiJIUzI1NiIsInR5cCI6IkpXVCJ9.eyJ0b2tlbl90eXBlIjoicmVmcmVzaCIsImV4cCI6MTc1MDMwMjQxNSwiaWF0IjoxNzUwMjE2MDE1LCJqdGkiOiJkOTQ2ZmVjZGU2MTc0N2JiOTVhM2UwY2M3YjNlMjAyNyIsInVzZXJfaWQiOjF9.G9d0hmxcwbRp68P51WLpsiU0WP92bBSXKr5ts5DczWs", "created_at": "2025-06-18T03:06:55.536Z", "expires_at": "2025-06-19T03:06:55Z"}}, {"model": "token_blacklist.outstandingtoken", "pk": 36, "fields": {"user": 1, "jti": "4789a6acd70c47338a9f9d9bf62cd690", "token": "eyJhbGciOiJIUzI1NiIsInR5cCI6IkpXVCJ9.eyJ0b2tlbl90eXBlIjoicmVmcmVzaCIsImV4cCI6MTc1MDMwMjk5MCwiaWF0IjoxNzUwMjE2NTkwLCJqdGkiOiI0Nzg5YTZhY2Q3MGM0NzMzOGE5ZjlkOWJmNjJjZDY5MCIsInVzZXJfaWQiOjF9.QShcgFe3Jx3nMsll8uJSluzFYRcppD9-agoWHS7SPb0", "created_at": "2025-06-18T03:16:30.524Z", "expires_at": "2025-06-19T03:16:30Z"}}, {"model": "token_blacklist.outstandingtoken", "pk": 37, "fields": {"user": 1, "jti": "38f756a1801f43b2a119915f820e893b", "token": "eyJhbGciOiJIUzI1NiIsInR5cCI6IkpXVCJ9.eyJ0b2tlbl90eXBlIjoicmVmcmVzaCIsImV4cCI6MTc1MDM1NjQxMSwiaWF0IjoxNzUwMjcwMDExLCJqdGkiOiIzOGY3NTZhMTgwMWY0M2IyYTExOTkxNWY4MjBlODkzYiIsInVzZXJfaWQiOjF9.66g2DzcMw-ZIMtMn-9WZYD7j5hTDGGy_5cePDcQjuZc", "created_at": "2025-06-18T18:06:51.045Z", "expires_at": "2025-06-19T18:06:51Z"}}, {"model": "token_blacklist.outstandingtoken", "pk": 38, "fields": {"user": 1, "jti": "af137780e23a4b198aabdf2369c938b0", "token": "eyJhbGciOiJIUzI1NiIsInR5cCI6IkpXVCJ9.eyJ0b2tlbl90eXBlIjoicmVmcmVzaCIsImV4cCI6MTc1MDM3MjI3NSwiaWF0IjoxNzUwMjg1ODc1LCJqdGkiOiJhZjEzNzc4MGUyM2E0YjE5OGFhYmRmMjM2OWM5MzhiMCIsInVzZXJfaWQiOjF9.hxdkB7fBhfA1gYcD1hVsiubfuhoeLa3ToVQfENSj1x0", "created_at": "2025-06-18T22:31:15.221Z", "expires_at": "2025-06-19T22:31:15Z"}}, {"model": "token_blacklist.outstandingtoken", "pk": 39, "fields": {"user": 1, "jti": "74b38c48237b4f5fa00da7c0766928f7", "token": "eyJhbGciOiJIUzI1NiIsInR5cCI6IkpXVCJ9.eyJ0b2tlbl90eXBlIjoicmVmcmVzaCIsImV4cCI6MTc1MDM3MjQ5MiwiaWF0IjoxNzUwMjg2MDkyLCJqdGkiOiI3NGIzOGM0ODIzN2I0ZjVmYTAwZGE3YzA3NjY5MjhmNyIsInVzZXJfaWQiOjF9.vHOpftZ4_ubOZsr_2IXCtrPXXeK21Jjxlnv4V_4inOI", "created_at": "2025-06-18T22:34:52.634Z", "expires_at": "2025-06-19T22:34:52Z"}}, {"model": "token_blacklist.outstandingtoken", "pk": 40, "fields": {"user": 1, "jti": "5c32bb6740fd4490a6ad9a81b006521d", "token": "eyJhbGciOiJIUzI1NiIsInR5cCI6IkpXVCJ9.eyJ0b2tlbl90eXBlIjoicmVmcmVzaCIsImV4cCI6MTc1MDc5OTU1MCwiaWF0IjoxNzUwNzEzMTUwLCJqdGkiOiI1YzMyYmI2NzQwZmQ0NDkwYTZhZDlhODFiMDA2NTIxZCIsInVzZXJfaWQiOjF9.P4vpz8TLL33FBkGrkvSaE3DadrNrAYnUGAqPs42bSEo", "created_at": "2025-06-23T21:12:30.001Z", "expires_at": "2025-06-24T21:12:30Z"}}, {"model": "token_blacklist.outstandingtoken", "pk": 41, "fields": {"user": 2, "jti": "5db7a07e6f7f4369b2d819379bd3ac44", "token": "eyJhbGciOiJIUzI1NiIsInR5cCI6IkpXVCJ9.eyJ0b2tlbl90eXBlIjoicmVmcmVzaCIsImV4cCI6MTc1MDgwMTA1NSwiaWF0IjoxNzUwNzE0NjU1LCJqdGkiOiI1ZGI3YTA3ZTZmN2Y0MzY5YjJkODE5Mzc5YmQzYWM0NCIsInVzZXJfaWQiOjJ9.Lt9MvLjVfrteHgNPnBw-NiQnuWKIZiDUCiLdUsL0VJs", "created_at": "2025-06-23T21:37:35.312Z", "expires_at": "2025-06-24T21:37:35Z"}}, {"model": "token_blacklist.outstandingtoken", "pk": 42, "fields": {"user": 1, "jti": "56c17ad1f36943d0b3b452d7de7c7fae", "token": "eyJhbGciOiJIUzI1NiIsInR5cCI6IkpXVCJ9.eyJ0b2tlbl90eXBlIjoicmVmcmVzaCIsImV4cCI6MTc1MDgwMTI1OCwiaWF0IjoxNzUwNzE0ODU4LCJqdGkiOiI1NmMxN2FkMWYzNjk0M2QwYjNiNDUyZDdkZTdjN2ZhZSIsInVzZXJfaWQiOjF9.QewQOZQ3vmcGCeGheiBoRvO5TKxZa0hKlCrFERt1ykk", "created_at": "2025-06-23T21:40:58.064Z", "expires_at": "2025-06-24T21:40:58Z"}}, {"model": "token_blacklist.outstandingtoken", "pk": 43, "fields": {"user": 1, "jti": "6bba71467edb45859d7c2a28c72dd1c1", "token": "eyJhbGciOiJIUzI1NiIsInR5cCI6IkpXVCJ9.eyJ0b2tlbl90eXBlIjoicmVmcmVzaCIsImV4cCI6MTc1MDgwNTM0NSwiaWF0IjoxNzUwNzE4OTQ1LCJqdGkiOiI2YmJhNzE0NjdlZGI0NTg1OWQ3YzJhMjhjNzJkZDFjMSIsInVzZXJfaWQiOjF9.q60sDCQ8RgERa2h6aBeWLUbvsiE5gB2vW_aUDU2Edik", "created_at": "2025-06-23T22:49:05.314Z", "expires_at": "2025-06-24T22:49:05Z"}}, {"model": "token_blacklist.outstandingtoken", "pk": 44, "fields": {"user": 1, "jti": "b6db938947964ff3931e01f625c84dd2", "token": "eyJhbGciOiJIUzI1NiIsInR5cCI6IkpXVCJ9.eyJ0b2tlbl90eXBlIjoicmVmcmVzaCIsImV4cCI6MTc1MDgwNzI1MCwiaWF0IjoxNzUwNzIwODUwLCJqdGkiOiJiNmRiOTM4OTQ3OTY0ZmYzOTMxZTAxZjYyNWM4NGRkMiIsInVzZXJfaWQiOjF9.wF_mgHVWi8zmQyoAMvbQOCLVeayIg0IS1NWhLXEH5_E", "created_at": "2025-06-23T23:20:50.255Z", "expires_at": "2025-06-24T23:20:50Z"}}, {"model": "token_blacklist.outstandingtoken", "pk": 45, "fields": {"user": 1, "jti": "8162af7c566647a182164f662529616e", "token": "eyJhbGciOiJIUzI1NiIsInR5cCI6IkpXVCJ9.eyJ0b2tlbl90eXBlIjoicmVmcmVzaCIsImV4cCI6MTc1MDgwODMxNiwiaWF0IjoxNzUwNzIxOTE2LCJqdGkiOiI4MTYyYWY3YzU2NjY0N2ExODIxNjRmNjYyNTI5NjE2ZSIsInVzZXJfaWQiOjF9.h4IkFreCmJyPM4TEuslS5cqsq7YvVYR1JJ0XT4O9Aw4", "created_at": "2025-06-23T23:38:36.924Z", "expires_at": "2025-06-24T23:38:36Z"}}, {"model": "token_blacklist.outstandingtoken", "pk": 46, "fields": {"user": 1, "jti": "9c88f05902b642a7a0b4bcea13e242ac", "token": "eyJhbGciOiJIUzI1NiIsInR5cCI6IkpXVCJ9.eyJ0b2tlbl90eXBlIjoicmVmcmVzaCIsImV4cCI6MTc1MDgxMDU1NywiaWF0IjoxNzUwNzI0MTU3LCJqdGkiOiI5Yzg4ZjA1OTAyYjY0MmE3YTBiNGJjZWExM2UyNDJhYyIsInVzZXJfaWQiOjF9.0g5R7gsgu0MaOhkEIelKImU-lMhWy_v3OlGZUULmka4", "created_at": "2025-06-24T00:15:57.910Z", "expires_at": "2025-06-25T00:15:57Z"}}, {"model": "token_blacklist.outstandingtoken", "pk": 47, "fields": {"user": 1, "jti": "6163ecd904b2482c9acd548fdf72a28d", "token": "eyJhbGciOiJIUzI1NiIsInR5cCI6IkpXVCJ9.eyJ0b2tlbl90eXBlIjoicmVmcmVzaCIsImV4cCI6MTc1MDgxMzAwNywiaWF0IjoxNzUwNzI2NjA3LCJqdGkiOiI2MTYzZWNkOTA0YjI0ODJjOWFjZDU0OGZkZjcyYTI4ZCIsInVzZXJfaWQiOjF9.1SuAFasemrT8ybWA4SJu_dtSSKfziT2QY0_QruaoQNA", "created_at": "2025-06-24T00:56:47.379Z", "expires_at": "2025-06-25T00:56:47Z"}}, {"model": "token_blacklist.outstandingtoken", "pk": 48, "fields": {"user": 1, "jti": "8c2c0da0315945bdb480b3bf444dc022", "token": "eyJhbGciOiJIUzI1NiIsInR5cCI6IkpXVCJ9.eyJ0b2tlbl90eXBlIjoicmVmcmVzaCIsImV4cCI6MTc1MDgxMzA3MSwiaWF0IjoxNzUwNzI2NjcxLCJqdGkiOiI4YzJjMGRhMDMxNTk0NWJkYjQ4MGIzYmY0NDRkYzAyMiIsInVzZXJfaWQiOjF9.rbOo9RRQjCiGL58wO6BuzALNI9WvvQwP2ku-NR6wU-w", "created_at": "2025-06-24T00:57:51.815Z", "expires_at": "2025-06-25T00:57:51Z"}}, {"model": "token_blacklist.outstandingtoken", "pk": 49, "fields": {"user": 1, "jti": "30686df621b3404a99cbc1b571098c21", "token": "eyJhbGciOiJIUzI1NiIsInR5cCI6IkpXVCJ9.eyJ0b2tlbl90eXBlIjoicmVmcmVzaCIsImV4cCI6MTc1MDk2MjU2MSwiaWF0IjoxNzUwODc2MTYxLCJqdGkiOiIzMDY4NmRmNjIxYjM0MDRhOTljYmMxYjU3MTA5OGMyMSIsInVzZXJfaWQiOjF9.y83YnqDUGXU5sEsjVL7l2B1stoOewbgd5o3CCUI5Klc", "created_at": "2025-06-25T18:29:21.176Z", "expires_at": "2025-06-26T18:29:21Z"}}, {"model": "token_blacklist.outstandingtoken", "pk": 50, "fields": {"user": 1, "jti": "feb33bc250da40a89d92982bd9e6f2ab", "token": "eyJhbGciOiJIUzI1NiIsInR5cCI6IkpXVCJ9.eyJ0b2tlbl90eXBlIjoicmVmcmVzaCIsImV4cCI6MTc1MDk2NDM2OCwiaWF0IjoxNzUwODc3OTY4LCJqdGkiOiJmZWIzM2JjMjUwZGE0MGE4OWQ5Mjk4MmJkOWU2ZjJhYiIsInVzZXJfaWQiOjF9.zm-L6sVjxr-r7NlvQPMfgsOiRtMnwrT5ASgj6U8K530", "created_at": "2025-06-25T18:59:28.661Z", "expires_at": "2025-06-26T18:59:28Z"}}, {"model": "token_blacklist.outstandingtoken", "pk": 51, "fields": {"user": 1, "jti": "8d3a4481067c4f1b9912162760200ba9", "token": "eyJhbGciOiJIUzI1NiIsInR5cCI6IkpXVCJ9.eyJ0b2tlbl90eXBlIjoicmVmcmVzaCIsImV4cCI6MTc1MDk4MDkwNiwiaWF0IjoxNzUwODk0NTA2LCJqdGkiOiI4ZDNhNDQ4MTA2N2M0ZjFiOTkxMjE2Mjc2MDIwMGJhOSIsInVzZXJfaWQiOjF9.tr9u8YBg3SYQR7LdG88J1yqitp5eCUzFxdQh66I5sjA", "created_at": "2025-06-25T23:35:06.226Z", "expires_at": "2025-06-26T23:35:06Z"}}, {"model": "token_blacklist.outstandingtoken", "pk": 52, "fields": {"user": 1, "jti": "f2c72654d98f4efe9c9dad88e4ae478e", "token": "eyJhbGciOiJIUzI1NiIsInR5cCI6IkpXVCJ9.eyJ0b2tlbl90eXBlIjoicmVmcmVzaCIsImV4cCI6MTc1MTE0Njg4OSwiaWF0IjoxNzUxMDYwNDg5LCJqdGkiOiJmMmM3MjY1NGQ5OGY0ZWZlOWM5ZGFkODhlNGFlNDc4ZSIsInVzZXJfaWQiOjF9.xWGrOC6cNqd41-9ZNSgBL26yPupu4C9Mjjt8RNjOdYM", "created_at": "2025-06-27T21:41:29.524Z", "expires_at": "2025-06-28T21:41:29Z"}}, {"model": "token_blacklist.outstandingtoken", "pk": 53, "fields": {"user": 1, "jti": "e1823bfde6d44b4790bc95351c2682e2", "token": "eyJhbGciOiJIUzI1NiIsInR5cCI6IkpXVCJ9.eyJ0b2tlbl90eXBlIjoicmVmcmVzaCIsImV4cCI6MTc1MTE0NzU0MCwiaWF0IjoxNzUxMDYxMTQwLCJqdGkiOiJlMTgyM2JmZGU2ZDQ0YjQ3OTBiYzk1MzUxYzI2ODJlMiIsInVzZXJfaWQiOjF9.2bK7dy3H3U-vRUygOLS2LACcBEGZKDiUnMnOP1N8Gt4", "created_at": "2025-06-27T21:52:20.203Z", "expires_at": "2025-06-28T21:52:20Z"}}, {"model": "token_blacklist.outstandingtoken", "pk": 54, "fields": {"user": 1, "jti": "f38cd81f84fc4fc68c583b41d23ccdbc", "token": "eyJhbGciOiJIUzI1NiIsInR5cCI6IkpXVCJ9.eyJ0b2tlbl90eXBlIjoicmVmcmVzaCIsImV4cCI6MTc1MTYwNTUzNSwiaWF0IjoxNzUxNTE5MTM1LCJqdGkiOiJmMzhjZDgxZjg0ZmM0ZmM2OGM1ODNiNDFkMjNjY2RiYyIsInVzZXJfaWQiOjF9.IG5sJxuPGX8O5XjXRDniP9B20kJ8s0SsMl9RK2iQ0HI", "created_at": "2025-07-03T05:05:35.790Z", "expires_at": "2025-07-04T05:05:35Z"}}, {"model": "token_blacklist.outstandingtoken", "pk": 55, "fields": {"user": 1, "jti": "e8947011c4f0488e88790ff14df9f84d", "token": "eyJhbGciOiJIUzI1NiIsInR5cCI6IkpXVCJ9.eyJ0b2tlbl90eXBlIjoicmVmcmVzaCIsImV4cCI6MTc1MTYwNTg5MSwiaWF0IjoxNzUxNTE5NDkxLCJqdGkiOiJlODk0NzAxMWM0ZjA0ODhlODg3OTBmZjE0ZGY5Zjg0ZCIsInVzZXJfaWQiOjF9.hinwJoUv4fOkea_5OZH1dbF8cqeNgS4DsgV6ls4m0F8", "created_at": "2025-07-03T05:11:31.008Z", "expires_at": "2025-07-04T05:11:31Z"}}, {"model": "token_blacklist.outstandingtoken", "pk": 56, "fields": {"user": 1, "jti": "59cbf99c37cc4d3aa5668b12e7da1d56", "token": "eyJhbGciOiJIUzI1NiIsInR5cCI6IkpXVCJ9.eyJ0b2tlbl90eXBlIjoicmVmcmVzaCIsImV4cCI6MTc1MTYwNzM5MywiaWF0IjoxNzUxNTIwOTkzLCJqdGkiOiI1OWNiZjk5YzM3Y2M0ZDNhYTU2NjhiMTJlN2RhMWQ1NiIsInVzZXJfaWQiOjF9.IB3d6IURz1_NpDzNE4ykSdQZoMeT9nrznn743wwXRZQ", "created_at": "2025-07-03T05:36:33.052Z", "expires_at": "2025-07-04T05:36:33Z"}}, {"model": "token_blacklist.outstandingtoken", "pk": 57, "fields": {"user": 2, "jti": "ef57c2c34d79412bb8a7424da247c190", "token": "eyJhbGciOiJIUzI1NiIsInR5cCI6IkpXVCJ9.eyJ0b2tlbl90eXBlIjoicmVmcmVzaCIsImV4cCI6MTc1MTYwNzc2MSwiaWF0IjoxNzUxNTIxMzYxLCJqdGkiOiJlZjU3YzJjMzRkNzk0MTJiYjhhNzQyNGRhMjQ3YzE5MCIsInVzZXJfaWQiOjJ9.a6eM9av3CrsOYU_43VqswMoMsXl8n-NkRmkL3id89ko", "created_at": "2025-07-03T05:42:41.317Z", "expires_at": "2025-07-04T05:42:41Z"}}, {"model": "token_blacklist.outstandingtoken", "pk": 58, "fields": {"user": 1, "jti": "77286ff360b84e7b82b978668a4a25d2", "token": "eyJhbGciOiJIUzI1NiIsInR5cCI6IkpXVCJ9.eyJ0b2tlbl90eXBlIjoicmVmcmVzaCIsImV4cCI6MTc1MTYwNzc3NCwiaWF0IjoxNzUxNTIxMzc0LCJqdGkiOiI3NzI4NmZmMzYwYjg0ZTdiODJiOTc4NjY4YTRhMjVkMiIsInVzZXJfaWQiOjF9.ky7usocCnsPPXu3wkKEaqhznRa_5mbH4wgEEDs4HUxY", "created_at": "2025-07-03T05:42:54.640Z", "expires_at": "2025-07-04T05:42:54Z"}}, {"model": "token_blacklist.outstandingtoken", "pk": 59, "fields": {"user": 1, "jti": "5dc3d0acdd54437e849de0f717b81782", "token": "eyJhbGciOiJIUzI1NiIsInR5cCI6IkpXVCJ9.eyJ0b2tlbl90eXBlIjoicmVmcmVzaCIsImV4cCI6MTc1MTYwOTY3NywiaWF0IjoxNzUxNTIzMjc3LCJqdGkiOiI1ZGMzZDBhY2RkNTQ0MzdlODQ5ZGUwZjcxN2I4MTc4MiIsInVzZXJfaWQiOjF9.2TK4QJQUTJZcJ_nuEo1BEezrNqYpYLw8VXc9hRIZSAc", "created_at": "2025-07-03T06:14:37.343Z", "expires_at": "2025-07-04T06:14:37Z"}}, {"model": "token_blacklist.outstandingtoken", "pk": 60, "fields": {"user": 1, "jti": "c59076eb1d5e4ed4baed455f1f83abcf", "token": "eyJhbGciOiJIUzI1NiIsInR5cCI6IkpXVCJ9.eyJ0b2tlbl90eXBlIjoicmVmcmVzaCIsImV4cCI6MTc1MTg0MDEwMywiaWF0IjoxNzUxNzUzNzAzLCJqdGkiOiJjNTkwNzZlYjFkNWU0ZWQ0YmFlZDQ1NWYxZjgzYWJjZiIsInVzZXJfaWQiOjF9.xj3P0sgy79UJ_tI1GQNOKrY2wbYHQZH3rfvTX6fdq5o", "created_at": "2025-07-05T22:15:03.389Z", "expires_at": "2025-07-06T22:15:03Z"}}, {"model": "token_blacklist.outstandingtoken", "pk": 61, "fields": {"user": 1, "jti": "1786c9d31d774ff183a7080cde9e8d2f", "token": "eyJhbGciOiJIUzI1NiIsInR5cCI6IkpXVCJ9.eyJ0b2tlbl90eXBlIjoicmVmcmVzaCIsImV4cCI6MTc1MTg0ODM3NywiaWF0IjoxNzUxNzYxOTc3LCJqdGkiOiIxNzg2YzlkMzFkNzc0ZmYxODNhNzA4MGNkZTllOGQyZiIsInVzZXJfaWQiOjF9.hkXRHQq5_dbpYia5Pw9WMYr16RDIKk_c94RVCeZWq-k", "created_at": "2025-07-06T00:32:57.846Z", "expires_at": "2025-07-07T00:32:57Z"}}, {"model": "token_blacklist.outstandingtoken", "pk": 62, "fields": {"user": 1, "jti": "c38adf06a5214c728be281d3830652c4", "token": "eyJhbGciOiJIUzI1NiIsInR5cCI6IkpXVCJ9.eyJ0b2tlbl90eXBlIjoicmVmcmVzaCIsImV4cCI6MTc1MTg1MTcyMywiaWF0IjoxNzUxNzY1MzIzLCJqdGkiOiJjMzhhZGYwNmE1MjE0YzcyOGJlMjgxZDM4MzA2NTJjNCIsInVzZXJfaWQiOjF9.GfBDMFzrafiB4MXqhc81tKQEgqHxoRUguTN9BCFMY_k", "created_at": "2025-07-06T01:28:43.434Z", "expires_at": "2025-07-07T01:28:43Z"}}, {"model": "token_blacklist.outstandingtoken", "pk": 63, "fields": {"user": 1, "jti": "0c5e32b82b264f02812237ed777126a4", "token": "eyJhbGciOiJIUzI1NiIsInR5cCI6IkpXVCJ9.eyJ0b2tlbl90eXBlIjoicmVmcmVzaCIsImV4cCI6MTc1MTg1NDYzOSwiaWF0IjoxNzUxNzY4MjM5LCJqdGkiOiIwYzVlMzJiODJiMjY0ZjAyODEyMjM3ZWQ3NzcxMjZhNCIsInVzZXJfaWQiOjF9.anC6OAL6_uNjb4zR95vXQKvEvS1PIbV-VfK6uH59RIo", "created_at": "2025-07-06T02:17:19.391Z", "expires_at": "2025-07-07T02:17:19Z"}}, {"model": "token_blacklist.outstandingtoken", "pk": 64, "fields": {"user": 1, "jti": "192a5e267c7c49c79d1f632afd08b68d", "token": "eyJhbGciOiJIUzI1NiIsInR5cCI6IkpXVCJ9.eyJ0b2tlbl90eXBlIjoicmVmcmVzaCIsImV4cCI6MTc1MTkzODQwOSwiaWF0IjoxNzUxODUyMDA5LCJqdGkiOiIxOTJhNWUyNjdjN2M0OWM3OWQxZjYzMmFmZDA4YjY4ZCIsInVzZXJfaWQiOjF9.2Vwp01fYawqjFjeTTMUX-jxKmtsEPm83X8k1nfzkv8M", "created_at": "2025-07-07T01:33:29.647Z", "expires_at": "2025-07-08T01:33:29Z"}}, {"model": "token_blacklist.outstandingtoken", "pk": 65, "fields": {"user": 1, "jti": "fbff93ac80c4415880086069cc8b37e4", "token": "eyJhbGciOiJIUzI1NiIsInR5cCI6IkpXVCJ9.eyJ0b2tlbl90eXBlIjoicmVmcmVzaCIsImV4cCI6MTc1MTkzOTIyNywiaWF0IjoxNzUxODUyODI3LCJqdGkiOiJmYmZmOTNhYzgwYzQ0MTU4ODAwODYwNjljYzhiMzdlNCIsInVzZXJfaWQiOjF9.SgV5wiSPCZIxPZNrqDeHARk77QIvrGyktWLL1K_UGTM", "created_at": "2025-07-07T01:47:07.693Z", "expires_at": "2025-07-08T01:47:07Z"}}, {"model": "token_blacklist.outstandingtoken", "pk": 66, "fields": {"user": 1, "jti": "a5c75b5a73e34a1ea77f98ee76d75a8e", "token": "eyJhbGciOiJIUzI1NiIsInR5cCI6IkpXVCJ9.eyJ0b2tlbl90eXBlIjoicmVmcmVzaCIsImV4cCI6MTc1MTkzOTYzMSwiaWF0IjoxNzUxODUzMjMxLCJqdGkiOiJhNWM3NWI1YTczZTM0YTFlYTc3Zjk4ZWU3NmQ3NWE4ZSIsInVzZXJfaWQiOjF9.GYJzSTgfLZqimUHorWaB9eBcai53AiTn075aUQzMBHY", "created_at": "2025-07-07T01:53:51.715Z", "expires_at": "2025-07-08T01:53:51Z"}}, {"model": "token_blacklist.outstandingtoken", "pk": 67, "fields": {"user": 1, "jti": "d6551d55dff947588f5545178e761230", "token": "eyJhbGciOiJIUzI1NiIsInR5cCI6IkpXVCJ9.eyJ0b2tlbl90eXBlIjoicmVmcmVzaCIsImV4cCI6MTc1MTkzOTY1OSwiaWF0IjoxNzUxODUzMjU5LCJqdGkiOiJkNjU1MWQ1NWRmZjk0NzU4OGY1NTQ1MTc4ZTc2MTIzMCIsInVzZXJfaWQiOjF9.RwRUc7bXFa9GvWpyNw0NCDZA2ejTC03OqrC5iCWRgyU", "created_at": "2025-07-07T01:54:19.945Z", "expires_at": "2025-07-08T01:54:19Z"}}, {"model": "token_blacklist.outstandingtoken", "pk": 68, "fields": {"user": 1, "jti": "dc45621ac3a7432d9f1df6db86991274", "token": "eyJhbGciOiJIUzI1NiIsInR5cCI6IkpXVCJ9.eyJ0b2tlbl90eXBlIjoicmVmcmVzaCIsImV4cCI6MTc1MTk0MDYxNCwiaWF0IjoxNzUxODU0MjE0LCJqdGkiOiJkYzQ1NjIxYWMzYTc0MzJkOWYxZGY2ZGI4Njk5MTI3NCIsInVzZXJfaWQiOjF9.Kby2g2tA3d0BxE5jO_Q_bB5lZcfxPcmAhc7OviYNV8E", "created_at": "2025-07-07T02:10:14.270Z", "expires_at": "2025-07-08T02:10:14Z"}}, {"model": "admin.logentry", "pk": 1, "fields": {"action_time": "2025-06-23T21:37:06.643Z", "user": 1, "content_type": 11, "object_id": "2", "object_repr": "koke", "action_flag": 1, "change_message": "[{\"added\": {}}]"}}, {"model": "auth.permission", "pk": 1, "fields": {"name": "Can add blacklisted token", "content_type": 1, "codename": "add_blacklistedtoken"}}, {"model": "auth.permission", "pk": 2, "fields": {"name": "Can change blacklisted token", "content_type": 1, "codename": "change_blacklistedtoken"}}, {"model": "auth.permission", "pk": 3, "fields": {"name": "Can delete blacklisted token", "content_type": 1, "codename": "delete_blacklistedtoken"}}, {"model": "auth.permission", "pk": 4, "fields": {"name": "Can view blacklisted token", "content_type": 1, "codename": "view_blacklistedtoken"}}, {"model": "auth.permission", "pk": 5, "fields": {"name": "Can add outstanding token", "content_type": 2, "codename": "add_outstandingtoken"}}, {"model": "auth.permission", "pk": 6, "fields": {"name": "Can change outstanding token", "content_type": 2, "codename": "change_outstandingtoken"}}, {"model": "auth.permission", "pk": 7, "fields": {"name": "Can delete outstanding token", "content_type": 2, "codename": "delete_outstandingtoken"}}, {"model": "auth.permission", "pk": 8, "fields": {"name": "Can view outstanding token", "content_type": 2, "codename": "view_outstandingtoken"}}, {"model": "auth.permission", "pk": 9, "fields": {"name": "Can add log entry", "content_type": 3, "codename": "add_logentry"}}, {"model": "auth.permission", "pk": 10, "fields": {"name": "Can change log entry", "content_type": 3, "codename": "change_logentry"}}, {"model": "auth.permission", "pk": 11, "fields": {"name": "Can delete log entry", "content_type": 3, "codename": "delete_logentry"}}, {"model": "auth.permission", "pk": 12, "fields": {"name": "Can view log entry", "content_type": 3, "codename": "view_logentry"}}, {"model": "auth.permission", "pk": 13, "fields": {"name": "Can add permission", "content_type": 4, "codename": "add_permission"}}, {"model": "auth.permission", "pk": 14, "fields": {"name": "Can change permission", "content_type": 4, "codename": "change_permission"}}, {"model": "auth.permission", "pk": 15, "fields": {"name": "Can delete permission", "content_type": 4, "codename": "delete_permission"}}, {"model": "auth.permission", "pk": 16, "fields": {"name": "Can view permission", "content_type": 4, "codename": "view_permission"}}, {"model": "auth.permission", "pk": 17, "fields": {"name": "Can add group", "content_type": 5, "codename": "add_group"}}, {"model": "auth.permission", "pk": 18, "fields": {"name": "Can change group", "content_type": 5, "codename": "change_group"}}, {"model": "auth.permission", "pk": 19, "fields": {"name": "Can delete group", "content_type": 5, "codename": "delete_group"}}, {"model": "auth.permission", "pk": 20, "fields": {"name": "Can view group", "content_type": 5, "codename": "view_group"}}, {"model": "auth.permission", "pk": 21, "fields": {"name": "Can add content type", "content_type": 6, "codename": "add_contenttype"}}, {"model": "auth.permission", "pk": 22, "fields": {"name": "Can change content type", "content_type": 6, "codename": "change_contenttype"}}, {"model": "auth.permission", "pk": 23, "fields": {"name": "Can delete content type", "content_type": 6, "codename": "delete_contenttype"}}, {"model": "auth.permission", "pk": 24, "fields": {"name": "Can view content type", "content_type": 6, "codename": "view_contenttype"}}, {"model": "auth.permission", "pk": 25, "fields": {"name": "Can add session", "content_type": 7, "codename": "add_session"}}, {"model": "auth.permission", "pk": 26, "fields": {"name": "Can change session", "content_type": 7, "codename": "change_session"}}, {"model": "auth.permission", "pk": 27, "fields": {"name": "Can delete session", "content_type": 7, "codename": "delete_session"}}, {"model": "auth.permission", "pk": 28, "fields": {"name": "Can view session", "content_type": 7, "codename": "view_session"}}, {"model": "auth.permission", "pk": 29, "fields": {"name": "Can add Producto", "content_type": 8, "codename": "add_producto"}}, {"model": "auth.permission", "pk": 30, "fields": {"name": "Can change Producto", "content_type": 8, "codename": "change_producto"}}, {"model": "auth.permission", "pk": 31, "fields": {"name": "Can delete Producto", "content_type": 8, "codename": "delete_producto"}}, {"model": "auth.permission", "pk": 32, "fields": {"name": "Can view Producto", "content_type": 8, "codename": "view_producto"}}, {"model": "auth.permission", "pk": 33, "fields": {"name": "Can add Servicio", "content_type": 9, "codename": "add_servicio"}}, {"model": "auth.permission", "pk": 34, "fields": {"name": "Can change Servicio", "content_type": 9, "codename": "change_servicio"}}, {"model": "auth.permission", "pk": 35, "fields": {"name": "Can delete Servicio", "content_type": 9, "codename": "delete_servicio"}}, {"model": "auth.permission", "pk": 36, "fields": {"name": "Can view Servicio", "content_type": 9, "codename": "view_servicio"}}, {"model": "auth.permission", "pk": 37, "fields": {"name": "Can add Vendedor", "content_type": 10, "codename": "add_vendedor"}}, {"model": "auth.permission", "pk": 38, "fields": {"name": "Can change Vendedor", "content_type": 10, "codename": "change_vendedor"}}, {"model": "auth.permission", "pk": 39, "fields": {"name": "Can delete Vendedor", "content_type": 10, "codename": "delete_vendedor"}}, {"model": "auth.permission", "pk": 40, "fields": {"name": "Can view Vendedor", "content_type": 10, "codename": "view_vendedor"}}, {"model": "auth.permission", "pk": 41, "fields": {"name": "Can add Usuario", "content_type": 11, "codename": "add_usuario"}}, {"model": "auth.permission", "pk": 42, "fields": {"name": "Can change Usuario", "content_type": 11, "codename": "change_usuario"}}, {"model": "auth.permission", "pk": 43, "fields": {"name": "Can delete Usuario", "content_type": 11, "codename": "delete_usuario"}}, {"model": "auth.permission", "pk": 44, "fields": {"name": "Can view Usuario", "content_type": 11, "codename": "view_usuario"}}, {"model": "auth.permission", "pk": 45, "fields": {"name": "Can add Boleta", "content_type": 12, "codename": "add_boleta"}}, {"model": "auth.permission", "pk": 46, "fields": {"name": "Can change Boleta", "content_type": 12, "codename": "change_boleta"}}, {"model": "auth.permission", "pk": 47, "fields": {"name": "Can delete Boleta", "content_type": 12, "codename": "delete_boleta"}}, {"model": "auth.permission", "pk": 48, "fields": {"name": "Can view Boleta", "content_type": 12, "codename": "view_boleta"}}, {"model": "auth.permission", "pk": 49, "fields": {"name": "Can add Pago", "content_type": 13, "codename": "add_pago"}}, {"model": "auth.permission", "pk": 50, "fields": {"name": "Can change Pago", "content_type": 13, "codename": "change_pago"}}, {"model": "auth.permission", "pk": 51, "fields": {"name": "Can delete Pago", "content_type": 13, "codename": "delete_pago"}}, {"model": "auth.permission", "pk": 52, "fields": {"name": "Can view Pago", "content_type": 13, "codename": "view_pago"}}, {"model": "auth.permission", "pk": 53, "fields": {"name": "Can add Historial de Inventario", "content_type": 14, "codename": "add_historialinventario"}}, {"model": "auth.permission", "pk": 54, "fields": {"name": "Can change Historial de Inventario", "content_type": 14, "codename": "change_historialinventario"}}, {"model": "auth.permission", "pk": 55, "fields": {"name": "Can delete Historial de Inventario", "content_type": 14, "codename": "delete_historialinventario"}}, {"model": "auth.permission", "pk": 56, "fields": {"name": "Can view Historial de Inventario", "content_type": 14, "codename": "view_historialinventario"}}, {"model": "auth.permission", "pk": 57, "fields": {"name": "Can add Proveedor", "content_type": 15, "codename": "add_proveedor"}}, {"model": "auth.permission", "pk": 58, "fields": {"name": "Can change Proveedor", "content_type": 15, "codename": "change_proveedor"}}, {"model": "auth.permission", "pk": 59, "fields": {"name": "Can delete Proveedor", "content_type": 15, "codename": "delete_proveedor"}}, {"model": "auth.permission", "pk": 60, "fields": {"name": "Can view Proveedor", "content_type": 15, "codename": "view_proveedor"}}, {"model": "auth.permission", "pk": 61, "fields": {"name": "Can add Detalle de Boleta", "content_type": 16, "codename": "add_detalleboleta"}}, {"model": "auth.permission", "pk": 62, "fields": {"name": "Can change Detalle de Boleta", "content_type": 16, "codename": "change_detalleboleta"}}, {"model": "auth.permission", "pk": 63, "fields": {"name": "Can delete Detalle de Boleta", "content_type": 16, "codename": "delete_detalleboleta"}}, {"model": "auth.permission", "pk": 64, "fields": {"name": "Can view Detalle de Boleta", "content_type": 16, "codename": "view_detalleboleta"}}, {"model": "auth.permission", "pk": 65, "fields": {"name": "Can add Vehículo", "content_type": 17, "codename": "add_vehiculo"}}, {"model": "auth.permission", "pk": 66, "fields": {"name": "Can change Vehículo", "content_type": 17, "codename": "change_vehiculo"}}, {"model": "auth.permission", "pk": 67, "fields": {"name": "Can delete Vehículo", "content_type": 17, "codename": "delete_vehiculo"}}, {"model": "auth.permission", "pk": 68, "fields": {"name": "Can view Vehículo", "content_type": 17, "codename": "view_vehiculo"}}, {"model": "auth.permission", "pk": 69, "fields": {"name": "Can add Recomendación", "content_type": 18, "codename": "add_recommendation"}}, {"model": "auth.permission", "pk": 70, "fields": {"name": "Can change Recomendación", "content_type": 18, "codename": "change_recommendation"}}, {"model": "auth.permission", "pk": 71, "fields": {"name": "Can delete Recomendación", "content_type": 18, "codename": "delete_recommendation"}}, {"model": "auth.permission", "pk": 72, "fields": {"name": "Can view Recomendación", "content_type": 18, "codename": "view_recommendation"}}, {"model": "contenttypes.contenttype", "pk": 1, "fields": {"app_label": "token_blacklist", "model": "blacklistedtoken"}}, {"model": "contenttypes.contenttype", "pk": 2, "fields": {"app_label": "token_blacklist", "model": "outstandingtoken"}}, {"model": "contenttypes.contenttype", "pk": 3, "fields": {"app_label": "admin", "model": "logentry"}}, {"model": "contenttypes.contenttype", "pk": 4, "fields": {"app_label": "auth", "model": "permission"}}, {"model": "contenttypes.contenttype", "pk": 5, "fields": {"app_label": "auth", "model": "group"}}, {"model": "contenttypes.contenttype", "pk": 6, "fields": {"app_label": "contenttypes", "model": "contenttype"}}, {"model": "contenttypes.contenttype", "pk": 7, "fields": {"app_label": "sessions", "model": "session"}}, {"model": "contenttypes.contenttype", "pk": 8, "fields": {"app_label": "api", "model": "producto"}}, {"model": "contenttypes.contenttype", "pk": 9, "fields": {"app_label": "api", "model": "servicio"}}, {"model": "contenttypes.contenttype", "pk": 10, "fields": {"app_label": "api", "model": "vendedor"}}, {"model": "contenttypes.contenttype", "pk": 11, "fields": {"app_label": "api", "model": "usuario"}}, {"model": "contenttypes.contenttype", "pk": 12, "fields": {"app_label": "api", "model": "boleta"}}, {"model": "contenttypes.contenttype", "pk": 13, "fields": {"app_label": "api", "model": "pago"}}, {"model": "contenttypes.contenttype", "pk": 14, "fields": {"app_label": "api", "model": "historialinventario"}}, {"model": "contenttypes.contenttype", "pk": 15, "fields": {"app_label": "api", "model": "proveedor"}}, {"model": "contenttypes.contenttype", "pk": 16, "fields": {"app_label": "api", "model": "detalleboleta"}}, {"model": "contenttypes.contenttype", "pk": 17, "fields": {"app_label": "api", "model": "vehiculo"}}, {"model": "contenttypes.contenttype", "pk": 18, "fields": {"app_label": "api", "model": "recommendation"}}, {"model": "sessions.session", "pk": "7j6xewr18ogwm9da3oegsbx2mgm26tt2", "fields": {"session_data": ".eJxVjEEOgjAQRe_StWk-LVjq0j1nINOZQVBTEgor492VhIVu_3vvv0xP2zr2W9Gln8RcTGVOv1sifmjegdwp32bLc16XKdldsQcttptFn9fD_TsYqYzfmmJ0AwJ8AriBcss4h-QZ3nuu0aCqQVGghMhNDE6DOMTgqQ2DiHl_AMEqNyg:1uPnmv:KfXQBfUbkJZEaVJAXmAAEunq0I-bN8SRZyCf_h_FA2I", "expire_date": "2025-06-26T19:40:37.447Z"}}, {"model": "api.usuario", "pk": 1, "fields": {"password": "pbkdf2_sha256$1000000$kq3aiX1pg39Mypp55PiVCo$slJoNZvxJMl+UUxM3kb6zuDQd1nRL0ib5uY4SEWdeQc=", "last_login": "2025-06-12T19:40:37.444Z", "is_superuser": true, "nickname": "admin", "email": null, "nombre": "", "rol": "Administrador", "fecha_registro": "2025-06-11T22:16:32.257Z", "activo": true, "is_staff": true, "groups": [], "user_permissions": []}}, {"model": "api.usuario", "pk": 2, "fields": {"password": "pbkdf2_sha256$1000000$cXVtS2iKvpKqD87H7lYc3h$00s4yWtn8FokpKvyU1iafxvJ9nAUggd0DwTPS0fQzms=", "last_login": null, "is_superuser": false, "nickname": "koke", "email": null, "nombre": "", "rol": "Vendedor", "fecha_registro": "2025-06-23T21:37:06.639Z", "activo": true, "is_staff": false, "groups": [], "user_permissions": []}}, {"model": "api.vendedor", "pk": 1, "fields": {"nombre": "Juan Pérez", "email": "juan.perez@example.cl", "direccion": "Av. Siempre Viva 123", "fecha_ingreso": "2025-06-11"}}, {"model": "api.vendedor", "pk": 2, "fields": {"nombre": "María González", "email": "maria.gonzalez@example.cl", "direccion": "Calle Falsa 456", "fecha_ingreso": "2025-06-11"}}, {"model": "api.vendedor", "pk": 3, "fields": {"nombre": "Carlos Fuentes", "email": "carlos.fuentes@example.cl", "direccion": "Ruta 66 Km 10", "fecha_ingreso": "2025-06-11"}}, {"model": "api.vendedor", "pk": 4, "fields": {"nombre": "Ana Ramírez", "email": "ana.ramirez@example.cl", "direccion": "Plaza Central 5", "fecha_ingreso": "2025-06-11"}}, {"model": "api.vendedor", "pk": 5, "fields": {"nombre": "Luis Rodríguez", "email": "luis.rodriguez@example.cl", "direccion": "Camino Real 789", "fecha_ingreso": "2025-06-11"}}, {"model": "api.vehiculo", "pk": 1, "fields": {"marca": "Toyota", "modelo": "Yaris", "ano": 2021, "kilometraje": 30000}}, {"model": "api.vehiculo", "pk": 2, "fields": {"marca": "Toyota", "modelo": "Hilux", "ano": 2020, "kilometraje": 45000}}, {"model": "api.vehiculo", "pk": 3, "fields": {"marca": "Suzuki", "modelo": "Swift", "ano": 2022, "kilometraje": 15000}}, {"model": "api.vehiculo", "pk": 4, "fields": {"marca": "Hyundai", "modelo": "Accent", "ano": 2019, "kilometraje": 60000}}, {"model": "api.vehiculo", "pk": 5, "fields": {"marca": "Kia", "modelo": "Morning", "ano": 2021, "kilometraje": 25000}}, {"model": "api.vehiculo", "pk": 6, "fields": {"marca": "Chevrolet", "modelo": "Tracker", "ano": 2022, "kilometraje": 12000}}, {"model": "api.vehiculo", "pk": 7, "fields": {"marca": "Mazda", "modelo": "3", "ano": 2020, "kilometraje": 40000}}, {"model": "api.vehiculo", "pk": 8, "fields": {"marca": "Nissan", "modelo": "NP300", "ano": 2021, "kilometraje": 35000}}, {"model": "api.vehiculo", "pk": 9, "fields": {"marca": "Peugeot", "modelo": "208", "ano": 2022, "kilometraje": 10000}}, {"model": "api.vehiculo", "pk": 10, "fields": {"marca": "Renault", "modelo": "Duster", "ano": 2021, "kilometraje": 28000}}, {"model": "api.vehiculo", "pk": 11, "fields": {"marca": "Mitsubishi", "modelo": "L200", "ano": 2020, "kilometraje": 50000}}, {"model": "api.vehiculo", "pk": 12, "fields": {"marca": "Volkswagen", "modelo": "Gol", "ano": 2019, "kilometraje": 55000}}, {"model": "api.vehiculo", "pk": 13, "fields": {"marca": "Chery", "modelo": "Tiggo 2", "ano": 2022, "kilometraje": 8000}}, {"model": "api.vehiculo", "pk": 14, "fields": {"marca": "Kia", "modelo": "Sportage", "ano": 2021, "kilometraje": 30000}}, {"model": "api.vehiculo", "pk": 15, "fields": {"marca": "Hyundai", "modelo": "Tucson", "ano": 2020, "kilometraje": 45000}}, {"model": "api.vehiculo", "pk": 16, "fields": {"marca": "Chevrolet", "modelo": "Sail", "ano": 2019, "kilometraje": 62000}}, {"model": "api.vehiculo", "pk": 17, "fields": {"marca": "Nissan", "modelo": "X-Trail", "ano": 2022, "kilometraje": 20000}}, {"model": "api.vehiculo", "pk": 18, "fields": {"marca": "Toyota", "modelo": "Etios", "ano": 2021, "kilometraje": 27000}}, {"model": "api.vehiculo", "pk": 19, "fields": {"marca": "Suzuki", "modelo": "Baleno", "ano": 2022, "kilometraje": 13000}}, {"model": "api.vehiculo", "pk": 20, "fields": {"marca": "Volkswagen", "modelo": "Polo", "ano": 2021, "kilometraje": 26000}}, {"model": "api.producto", "pk": 22, "fields": {"nombre": "Producto 2", "descripcion": "Descripción del producto 2", "precio": "41808.00", "cantidad_disponible": 25, "imagen": "", "tipo": "Cámara", "marca": "Pirelli", "es_alternativo": false, "fecha_agregado": "2025-07-11T22:34:10.086Z", "vehiculo": null}}, {"model": "api.producto", "pk": 23, "fields": {"nombre": "Producto 3", "descripcion": "Descripción del producto 3", "precio": "71937.00", "cantidad_disponible": 22, "imagen": "", "tipo": "Accesorio", "marca": "Nissan", "es_alternativo": true, "fecha_agregado": "2025-06-29T22:34:10.086Z", "vehiculo": 17}}, {"model": "api.producto", "pk": 24, "fields": {"nombre": "Producto 4", "descripcion": "Descripción del producto 4", "precio": "42388.00", "cantidad_disponible": 5, "imagen": "", "tipo": "Cámara", "marca": "Toyota", "es_alternativo": true, "fecha_agregado": "2025-06-22T22:34:10.086Z", "vehiculo": 1}}, {"model": "api.producto", "pk": 25, "fields": {"nombre": "Producto 5", "descripcion": "Descripción del producto 5", "precio": "78150.00", "cantidad_disponible": 14, "imagen": "", "tipo": "Accesorio", "marca": "Continental", "es_alternativo": true, "fecha_agregado": "2025-06-13T22:34:10.086Z", "vehiculo": null}}, {"model": "api.producto", "pk": 26, "fields": {"nombre": "Producto 6", "descripcion": "Descripción del producto 6", "precio": "24999.00", "cantidad_disponible": 46, "imagen": "", "tipo": "Accesorio", "marca": "Pirelli", "es_alternativo": true, "fecha_agregado": "2025-06-24T22:34:10.086Z", "vehiculo": null}}, {"model": "api.producto", "pk": 27, "fields": {"nombre": "Producto 7", "descripcion": "Descripción del producto 7", "precio": "30066.00", "cantidad_disponible": 31, "imagen": "", "tipo": "Neumático", "marca": "Pirelli", "es_alternativo": false, "fecha_agregado": "2025-06-13T22:34:10.086Z", "vehiculo": null}}, {"model": "api.producto", "pk": 28, "fields": {"nombre": "Producto 8", "descripcion": "Descripción del producto 8", "precio": "65749.00", "cantidad_disponible": 30, "imagen": "", "tipo": "Líquido", "marca": "Michelin", "es_alternativo": false, "fecha_agregado": "2025-06-21T22:34:10.086Z", "vehiculo": null}}, {"model": "api.producto", "pk": 29, "fields": {"nombre": "Producto 9", "descripcion": "Descripción del producto 9", "precio": "26327.00", "cantidad_disponible": 40, "imagen": "", "tipo": "Líquido", "marca": "Goodyear", "es_alternativo": false, "fecha_agregado": "2025-07-09T22:34:10.086Z", "vehiculo": null}}, {"model": "api.producto", "pk": 30, "fields": {"nombre": "Producto 10", "descripcion": "Descripción del producto 10", "precio": "51328.00", "cantidad_disponible": 25, "imagen": "", "tipo": "Accesorio", "marca": "Michelin", "es_alternativo": true, "fecha_agregado": "2025-06-21T22:34:10.086Z", "vehiculo": null}}, {"model": "api.producto", "pk": 31, "fields": {"nombre": "Producto 11", "descripcion": "Descripción del producto 11", "precio": "88525.00", "cantidad_disponible": 15, "imagen": "", "tipo": "Líquido", "marca": "Goodyear", "es_alternativo": true, "fecha_agregado": "2025-06-20T22:34:10.086Z", "vehiculo": null}}, {"model": "api.producto", "pk": 32, "fields": {"nombre": "Producto 12", "descripcion": "Descripción del producto 12", "precio": "58712.00", "cantidad_disponible": 6, "imagen": "", "tipo": "Líquido", "marca": "Pirelli", "es_alternativo": false, "fecha_agregado": "2025-06-16T22:34:10.086Z", "vehiculo": null}}, {"model": "api.producto", "pk": 33, "fields": {"nombre": "Producto 13", "descripcion": "Descripción del producto 13", "precio": "18884.00", "cantidad_disponible": 43, "imagen": "", "tipo": "Cámara", "marca": "Michelin", "es_alternativo": false, "fecha_agregado": "2025-06-22T22:34:10.086Z", "vehiculo": null}}, {"model": "api.producto", "pk": 34, "fields": {"nombre": "Producto 14", "descripcion": "Descripción del producto 14", "precio": "66815.00", "cantidad_disponible": 20, "imagen": "", "tipo": "Líquido", "marca": "Goodyear", "es_alternativo": false, "fecha_agregado": "2025-06-23T22:34:10.086Z", "vehiculo": null}}, {"model": "api.producto", "pk": 35, "fields": {"nombre": "Producto 15", "descripcion": "Descripción del producto 15", "precio": "58121.00", "cantidad_disponible": 49, "imagen": "", "tipo": "Líquido", "marca": "Goodyear", "es_alternativo": false, "fecha_agregado": "2025-07-06T22:34:10.086Z", "vehiculo": null}}, {"model": "api.producto", "pk": 36, "fields": {"nombre": "Producto 16", "descripcion": "Descripción del producto 16", "precio": "65155.00", "cantidad_disponible": 31, "imagen": "", "tipo": "Cámara", "marca": "Continental", "es_alternativo": true, "fecha_agregado": "2025-06-24T22:34:10.086Z", "vehiculo": null}}, {"model": "api.producto", "pk": 37, "fields": {"nombre": "Producto 17", "descripcion": "Descripción del producto 17", "precio": "80934.00", "cantidad_disponible": 19, "imagen": "", "tipo": "Líquido", "marca": "Continental", "es_alternativo": false, "fecha_agregado": "2025-06-30T22:34:10.086Z", "vehiculo": null}}, {"model": "api.producto", "pk": 38, "fields": {"nombre": "Producto 18", "descripcion": "Descripción del producto 18", "precio": "46999.00", "cantidad_disponible": 39, "imagen": "", "tipo": "Líquido", "marca": "Goodyear", "es_alternativo": false, "fecha_agregado": "2025-06-13T22:34:10.086Z", "vehiculo": null}}, {"model": "api.producto", "pk": 39, "fields": {"nombre": "Producto 19", "descripcion": "Descripción del producto 19", "precio": "10489.00", "cantidad_disponible": 44, "imagen": "", "tipo": "Líquido", "marca": "Goodyear", "es_alternativo": true, "fecha_agregado": "2025-06-28T22:34:10.086Z", "vehiculo": null}}, {"model": "api.producto", "pk": 40, "fields": {"nombre": "Producto 20", "descripcion": "Descripción del producto 20", "precio": "22379.00", "cantidad_disponible": 14, "imagen": "", "tipo": "Accesorio", "marca": "Goodyear", "es_alternativo": false, "fecha_agregado": "2025-07-03T22:34:10.086Z", "vehiculo": null}}, {"model": "api.servicio", "pk": 4, "fields": {"nombre": "Lavado de Autos", "descripcion": "Lavado exterior e interior profesional", "precio_base": "15000.00", "duracion_estimada": "00:30:00"}}, {"model": "api.servicio", "pk": 5, "fields": {"nombre": "Vulcanización", "descripcion": "Reparación y parches en neumáticos", "precio_base": "25000.00", "duracion_estimada": "00:45:00"}}, {"model": "api.servicio", "pk": 6, "fields": {"nombre": "Servicios Móviles", "descripcion": "Atención directa en terreno, cambio de neumáticos", "precio_base": "30000.00", "duracion_estimada": "01:00:00"}}, {"model": "api.boleta", "pk": 1, "fields": {"usuario": 1, "vendedor": 3, "fecha_venta": "2025-06-07T22:57:22.911Z", "total": "314225.00", "estado": "Pendiente", "tipo": "Venta"}}, {"model": "api.boleta", "pk": 2, "fields": {"usuario": 1, "vendedor": 3, "fecha_venta": "2025-05-20T22:57:22.911Z", "total": "205312.00", "estado": "Pagada", "tipo": "Venta"}}, {"model": "api.boleta", "pk": 3, "fields": {"usuario": 1, "vendedor": 3, "fecha_venta": "2025-06-04T22:57:22.911Z", "total": "284363.00", "estado": "Pagada", "tipo": "Venta"}}, {"model": "api.boleta", "pk": 4, "fields": {"usuario": 1, "vendedor": 3, "fecha_venta": "2025-06-01T22:57:22.911Z", "total": "331075.00", "estado": "Pendiente", "tipo": "Servicio"}}, {"model": "api.boleta", "pk": 5, "fields": {"usuario": 1, "vendedor": 3, "fecha_venta": "2025-05-23T22:57:22.911Z", "total": "638292.00", "estado": "Pagada", "tipo": "Servicio"}}, {"model": "api.boleta", "pk": 6, "fields": {"usuario": 1, "vendedor": 3, "fecha_venta": "2025-05-16T22:57:22.911Z", "total": "60000.00", "estado": "Pagada", "tipo": "Servicio"}}, {"model": "api.boleta", "pk": 7, "fields": {"usuario": 1, "vendedor": 3, "fecha_venta": "2025-06-07T22:57:22.911Z", "total": "78981.00", "estado": "Pendiente", "tipo": "Servicio"}}, {"model": "api.boleta", "pk": 8, "fields": {"usuario": 1, "vendedor": 3, "fecha_venta": "2025-05-25T22:57:22.911Z", "total": "131937.00", "estado": "Pagada", "tipo": "Servicio"}}, {"model": "api.boleta", "pk": 9, "fields": {"usuario": 1, "vendedor": 3, "fecha_venta": "2025-05-12T22:57:22.911Z", "total": "116784.00", "estado": "Pagada", "tipo": "Servicio"}}, {"model": "api.boleta", "pk": 10, "fields": {"usuario": 1, "vendedor": 3, "fecha_venta": "2025-06-09T22:57:22.911Z", "total": "224648.00", "estado": "Pendiente", "tipo": "Servicio"}}, {"model": "api.boleta", "pk": 11, "fields": {"usuario": 1, "vendedor": 3, "fecha_venta": "2025-06-27T21:55:02.362Z", "total": "42388.00", "estado": "Pendiente", "tipo": "Venta"}}, {"model": "api.boleta", "pk": 12, "fields": {"usuario": 1, "vendedor": 5, "fecha_venta": "2025-06-27T22:04:09.379Z", "total": "96937.00", "estado": "Pendiente", "tipo": "Venta"}}, {"model": "api.boleta", "pk": 13, "fields": {"usuario": 1, "vendedor": 4, "fecha_venta": "2025-07-03T05:41:51.596Z", "total": "83616.00", "estado": "Pendiente", "tipo": "Venta"}}, {"model": "api.detalleboleta", "pk": 1, "fields": {"boleta": 1, "producto": 35, "servicio": null, "cantidad": 3, "precio_unitario": "58121.00", "subtotal": "174363.00"}}, {"model": "api.detalleboleta", "pk": 2, "fields": {"boleta": 1, "producto": 33, "servicio": null, "cantidad": 1, "precio_unitario": "18884.00", "subtotal": "18884.00"}}, {"model": "api.detalleboleta", "pk": 3, "fields": {"boleta": 1, "producto": null, "servicio": 5, "cantidad": 4, "precio_unitario": "25000.00", "subtotal": "100000.00"}}, {"model": "api.detalleboleta", "pk": 4, "fields": {"boleta": 1, "producto": 39, "servicio": null, "cantidad": 2, "precio_unitario": "10489.00", "subtotal": "20978.00"}}, {"model": "api.detalleboleta", "pk": 5, "fields": {"boleta": 2, "producto": 30, "servicio": null, "cantidad": 4, "precio_unitario": "51328.00", "subtotal": "205312.00"}}, {"model": "api.detalleboleta", "pk": 6, "fields": {"boleta": 3, "producto": 35, "servicio": null, "cantidad": 3, "precio_unitario": "58121.00", "subtotal": "174363.00"}}, {"model": "api.detalleboleta", "pk": 7, "fields": {"boleta": 3, "producto": null, "servicio": 6, "cantidad": 2, "precio_unitario": "30000.00", "subtotal": "60000.00"}}, {"model": "api.detalleboleta", "pk": 8, "fields": {"boleta": 3, "producto": null, "servicio": 5, "cantidad": 2, "precio_unitario": "25000.00", "subtotal": "50000.00"}}, {"model": "api.detalleboleta", "pk": 9, "fields": {"boleta": 4, "producto": 36, "servicio": null, "cantidad": 1, "precio_unitario": "65155.00", "subtotal": "65155.00"}}, {"model": "api.detalleboleta", "pk": 10, "fields": {"boleta": 4, "producto": 40, "servicio": null, "cantidad": 2, "precio_unitario": "22379.00", "subtotal": "44758.00"}}, {"model": "api.detalleboleta", "pk": 11, "fields": {"boleta": 4, "producto": 24, "servicio": null, "cantidad": 3, "precio_unitario": "42388.00", "subtotal": "127164.00"}}, {"model": "api.detalleboleta", "pk": 12, "fields": {"boleta": 4, "producto": 38, "servicio": null, "cantidad": 2, "precio_unitario": "46999.00", "subtotal": "93998.00"}}, {"model": "api.detalleboleta", "pk": 13, "fields": {"boleta": 5, "producto": 23, "servicio": null, "cantidad": 4, "precio_unitario": "71937.00", "subtotal": "287748.00"}}, {"model": "api.detalleboleta", "pk": 15, "fields": {"boleta": 5, "producto": 38, "servicio": null, "cantidad": 3, "precio_unitario": "46999.00", "subtotal": "140997.00"}}, {"model": "api.detalleboleta", "pk": 16, "fields": {"boleta": 6, "producto": null, "servicio": 6, "cantidad": 2, "precio_unitario": "30000.00", "subtotal": "60000.00"}}, {"model": "api.detalleboleta", "pk": 17, "fields": {"boleta": 7, "producto": 29, "servicio": null, "cantidad": 2, "precio_unitario": "26327.00", "subtotal": "52654.00"}}, {"model": "api.detalleboleta", "pk": 18, "fields": {"boleta": 7, "producto": 29, "servicio": null, "cantidad": 1, "precio_unitario": "26327.00", "subtotal": "26327.00"}}, {"model": "api.detalleboleta", "pk": 19, "fields": {"boleta": 8, "producto": null, "servicio": 6, "cantidad": 1, "precio_unitario": "30000.00", "subtotal": "30000.00"}}, {"model": "api.detalleboleta", "pk": 20, "fields": {"boleta": 8, "producto": 23, "servicio": null, "cantidad": 1, "precio_unitario": "71937.00", "subtotal": "71937.00"}}, {"model": "api.detalleboleta", "pk": 21, "fields": {"boleta": 8, "producto": null, "servicio": 4, "cantidad": 2, "precio_unitario": "15000.00", "subtotal": "30000.00"}}, {"model": "api.detalleboleta", "pk": 22, "fields": {"boleta": 9, "producto": 27, "servicio": null, "cantidad": 2, "precio_unitario": "30066.00", "subtotal": "60132.00"}}, {"model": "api.detalleboleta", "pk": 23, "fields": {"boleta": 9, "producto": 33, "servicio": null, "cantidad": 3, "precio_unitario": "18884.00", "subtotal": "56652.00"}}, {"model": "api.detalleboleta", "pk": 24, "fields": {"boleta": 10, "producto": 40, "servicio": null, "cantidad": 4, "precio_unitario": "22379.00", "subtotal": "89516.00"}}, {"model": "api.detalleboleta", "pk": 25, "fields": {"boleta": 10, "producto": 27, "servicio": null, "cantidad": 2, "precio_unitario": "30066.00", "subtotal": "60132.00"}}, {"model": "api.detalleboleta", "pk": 26, "fields": {"boleta": 10, "producto": null, "servicio": 5, "cantidad": 3, "precio_unitario": "25000.00", "subtotal": "75000.00"}}, {"model": "api.detalleboleta", "pk": 27, "fields": {"boleta": 11, "producto": 24, "servicio": null, "cantidad": 1, "precio_unitario": "42388.00", "subtotal": "42388.00"}}, {"model": "api.detalleboleta", "pk": 28, "fields": {"boleta": 12, "producto": 23, "servicio": null, "cantidad": 1, "precio_unitario": "71937.00", "subtotal": "71937.00"}}, {"model": "api.detalleboleta", "pk": 29, "fields": {"boleta": 12, "producto": null, "servicio": 5, "cantidad": 1, "precio_unitario": "25000.00", "subtotal": "25000.00"}}, {"model": "api.detalleboleta", "pk": 30, "fields": {"boleta": 13, "producto": 22, "servicio": null, "cantidad": 2, "precio_unitario": "41808.00", "subtotal": "83616.00"}}, {"model": "api.pago", "pk": 1, "fields": {"boleta": 2, "fecha_pago": "2025-05-20T23:57:22.911Z", "monto": "205312.00", "metodo_pago": "Transferencia", "estado": "Completado"}}, {"model": "api.pago", "pk": 2, "fields": {"boleta": 3, "fecha_pago": "2025-06-04T23:57:22.911Z", "monto": "284363.00", "metodo_pago": "Tarjeta", "estado": "Completado"}}, {"model": "api.pago", "pk": 3, "fields": {"boleta": 5, "fecha_pago": "2025-05-23T23:57:22.911Z", "monto": "638292.00", "metodo_pago": "Tarjeta", "estado": "Completado"}}, {"model": "api.pago", "pk": 4, "fields": {"boleta": 6, "fecha_pago": "2025-05-16T23:57:22.911Z", "monto": "60000.00", "metodo_pago": "Efectivo", "estado": "Completado"}}, {"model": "api.pago", "pk": 5, "fields": {"boleta": 8, "fecha_pago": "2025-05-25T23:57:22.911Z", "monto": "131937.00", "metodo_pago": "Transferencia", "estado": "Completado"}}, {"model": "api.pago", "pk": 6, "fields": {"boleta": 9, "fecha_pago": "2025-05-12T23:57:22.911Z", "monto": "116784.00", "metodo_pago": "Efectivo", "estado": "Completado"}}, {"model": "api.recommendation", "pk": 1, "fields": {"fecha": "2025-07-05", "contenido": "1. Realiza una promoción especial en servicios de mantenimiento y reparación para atraer a más clientes, ofreciendo descuentos o paquetes que incluyan varias tareas a un precio reducido.\n\n2. Implementa una campaña de marketing en redes sociales destacando los servicios y productos que ofreces, así como testimonios de clientes satisfechos, para aumentar la visibilidad del taller y atraer nuevos clientes.\n\n3. Considera la posibilidad de establecer alianzas con empresas locales o clubes de automovilismo para ofrecer descuentos a sus miembros, lo que podría generar un flujo constante de clientes interesados en tus servicios.", "creada_en": "2025-07-06T03:38:17.803Z"}}, {"model": "api.recommendation", "pk": 5, "fields": {"fecha": "2025-07-06", "contenido": "**Resumen de desempeño:**  \nEl análisis del 7 de julio de 2025 muestra un desempeño deficiente en ventas, con un total de $0 CLP y sin ventas registradas en los productos. No hay productos en stock crítico ni slow-moving, lo que sugiere que el problema principal radica en la falta de transacciones.\n\n**Recomendaciones:**  \n1. Implementar una campaña de marketing promocional para atraer clientes y estimular las ventas, enfocándose en descuentos o promociones especiales.  \n2. Realizar un análisis de la oferta actual para identificar productos que puedan ser más atractivos para los clientes y ajustar el inventario en consecuencia.  \n3. Evaluar y mejorar la visibilidad de la tienda, considerando el uso de redes sociales y publicidad local para aumentar el tráfico de clientes.", "creada_en": "2025-07-07T01:03:55.630Z"}}]